age,salary,city,purchased
56,136748.0,Lilongwe,1
46,25287.0,Blantyre,0
32,146593.0,Blantyre,0
60,54387.0,Mzuzu,0
25,28512.0,Blantyre,0
38,,Blantyre,0
56,83076.0,Mzuzu,1
36,128872.0,Mzuzu,0
40,39216.0,Mzuzu,0
28,137512.0,Blantyre,0
28,136682.0,Blantyre,1
41,113070.0,Mzuzu,0
53,99767.0,Lilongwe,1
57,117829.0,Mzuzu,1
41,46614.0,Lilongwe,0
20,56258.0,Lilongwe,0
39,113789.0,Mzuzu,1
19,62078.0,Mzuzu,0
41,126288.0,Mzuzu,0
61,103524.0,Blantyre,0
47,116573.0,,0
55,32219.0,Blantyre,0
19,20235.0,Blantyre,0
38,62929.0,Mzuzu,0
50,147309.0,Blantyre,1
29,87444.0,Mzuzu,0
39,28567.0,Lilongwe,0
61,121834.0,Mzuzu,1
42,90792.0,Blantyre,1
44,85441.0,Blantyre,0
59,104555.0,Mzuzu,1
45,93698.0,Mzuzu,0
33,144450.0,Blantyre,1
32,137248.0,Lilongwe,0
64,25415.0,Lilongwe,1
61,56159.0,Mzuzu,0
20,63925.0,Lilongwe,0
54,146523.0,Blantyre,1
24,25951.0,Mzuzu,0
38,107388.0,Blantyre,1
26,28007.0,Blantyre,0
56,146730.0,Lilongwe,1
35,61832.0,Mzuzu,0
21,78596.0,Mzuzu,0
42,141101.0,Lilongwe,1
31,50523.0,Blantyre,0
26,108861.0,Blantyre,1
43,144194.0,Blantyre,1
19,106740.0,Blantyre,1
37,35524.0,Mzuzu,0
45,149028.0,Mzuzu,0
64,39282.0,Lilongwe,1
24,43930.0,Lilongwe,0
61,20077.0,Mzuzu,0
25,125881.0,Mzuzu,0
64,145501.0,Blantyre,1
52,40611.0,Blantyre,0
31,36984.0,Lilongwe,0
34,34060.0,Mzuzu,0
53,102985.0,Lilongwe,1
57,104056.0,Mzuzu,1
21,145329.0,Blantyre,0
19,63303.0,Lilongwe,0
23,79207.0,Lilongwe,0
59,95046.0,Mzuzu,1
21,49287.0,Blantyre,0
46,113709.0,Lilongwe,1
35,59711.0,Blantyre,0
43,31954.0,Lilongwe,0
61,93340.0,Blantyre,1
51,92101.0,Mzuzu,0
27,91520.0,Lilongwe,0
53,107062.0,Lilongwe,0
31,122974.0,Blantyre,1
48,38574.0,Blantyre,0
32,29184.0,Lilongwe,0
25,39096.0,Mzuzu,0
31,87728.0,Blantyre,0
40,54016.0,Blantyre,0
57,31246.0,Blantyre,0
38,65558.0,Lilongwe,0
33,138721.0,Lilongwe,1
62,38381.0,Lilongwe,0
35,147796.0,Lilongwe,1
64,56455.0,Mzuzu,0
41,112263.0,Mzuzu,0
43,24018.0,Lilongwe,0
42,31302.0,Mzuzu,0
62,87506.0,Blantyre,1
58,61157.0,Blantyre,1
46,74917.0,Blantyre,0
32,112738.0,Lilongwe,0
62,116646.0,Blantyre,1
18,103122.0,Mzuzu,0
42,44519.0,Lilongwe,0
24,116809.0,Mzuzu,0
26,107487.0,Blantyre,0
41,76819.0,Blantyre,0
18,100910.0,Blantyre,0
61,140430.0,Lilongwe,1
25,91324.0,Mzuzu,0
41,25408.0,Lilongwe,0
28,79379.0,Lilongwe,0
34,45053.0,Blantyre,0
25,29446.0,Lilongwe,0
52,20922.0,Lilongwe,0
52,118723.0,Blantyre,1
50,71356.0,Lilongwe,0
22,30789.0,Blantyre,0
59,117720.0,Blantyre,0
56,86656.0,Blantyre,1
58,64028.0,Blantyre,0
45,84484.0,Lilongwe,1
24,52154.0,Blantyre,0
26,102870.0,Blantyre,0
25,22336.0,Lilongwe,0
29,123677.0,Lilongwe,1
51,87779.0,Mzuzu,0
50,39029.0,Lilongwe,0
40,79201.0,Lilongwe,0
41,52265.0,Mzuzu,0
54,122916.0,Lilongwe,1
52,132250.0,Lilongwe,1
61,136553.0,Lilongwe,1
57,63872.0,Lilongwe,0
39,66197.0,Mzuzu,0
44,145733.0,Lilongwe,1
52,75180.0,Lilongwe,0
18,43710.0,Mzuzu,0
52,49486.0,Blantyre,0
54,91907.0,Mzuzu,1
64,148876.0,Blantyre,1
31,91895.0,Mzuzu,0
20,84435.0,Mzuzu,0
18,60631.0,Lilongwe,0
22,149038.0,Blantyre,1
43,121532.0,Lilongwe,1
31,40103.0,Blantyre,0
56,84772.0,Mzuzu,0
44,146108.0,Mzuzu,1
26,34382.0,Blantyre,0
32,104291.0,Lilongwe,1
32,121195.0,Lilongwe,1
43,23756.0,Lilongwe,0
59,40609.0,Lilongwe,0
30,134074.0,Mzuzu,1
49,36478.0,Mzuzu,1
56,120978.0,Mzuzu,1
49,59666.0,Mzuzu,0
21,95683.0,Mzuzu,0
47,119097.0,Lilongwe,0
54,144714.0,Lilongwe,1
40,120420.0,Lilongwe,0
56,91315.0,Lilongwe,0
62,97834.0,Mzuzu,1
32,146205.0,Mzuzu,0
60,34153.0,Mzuzu,0
46,129415.0,Blantyre,1
53,96325.0,Lilongwe,0
30,129701.0,Lilongwe,1
49,32999.0,Mzuzu,0
24,75318.0,Lilongwe,0
39,20814.0,Lilongwe,0
45,135033.0,Mzuzu,0
19,96077.0,Blantyre,0
59,110474.0,Blantyre,1
62,22443.0,Blantyre,0
23,95993.0,Mzuzu,0
45,95916.0,Lilongwe,1
45,93319.0,Mzuzu,1
61,145885.0,Mzuzu,1
61,129777.0,Lilongwe,1
37,37368.0,Blantyre,0
47,35328.0,Blantyre,0
28,76942.0,Mzuzu,0
45,111751.0,Blantyre,1
42,119131.0,Mzuzu,1
56,47306.0,Mzuzu,0
50,105451.0,Lilongwe,1
18,59915.0,Lilongwe,0
44,57219.0,Lilongwe,0
30,100879.0,Mzuzu,0
58,131939.0,Lilongwe,1
20,84644.0,Blantyre,0
56,80279.0,Blantyre,1
23,73028.0,Mzuzu,0
25,124263.0,Mzuzu,0
44,20126.0,Lilongwe,0
26,72329.0,Mzuzu,0
54,47632.0,Mzuzu,0
50,127099.0,Blantyre,1
59,85310.0,Blantyre,1
61,129945.0,Lilongwe,1
41,75176.0,Mzuzu,0
32,139797.0,Mzuzu,0
49,106066.0,Blantyre,1
49,125500.0,Mzuzu,1
41,146413.0,Blantyre,1
58,64327.0,Lilongwe,1
29,88904.0,Blantyre,0
56,23797.0,Mzuzu,0
19,67882.0,Lilongwe,0
20,33718.0,Blantyre,0
54,54560.0,Blantyre,1
34,96589.0,Lilongwe,0
19,42116.0,Lilongwe,0
19,56244.0,Blantyre,0
45,121721.0,Mzuzu,1
40,21645.0,Blantyre,0
54,67523.0,Lilongwe,0
49,144085.0,Blantyre,1
50,137718.0,Lilongwe,1
18,39256.0,Lilongwe,0
36,121376.0,Mzuzu,1
19,120158.0,Lilongwe,1
61,73173.0,Lilongwe,1
43,57430.0,Mzuzu,0
49,59282.0,Lilongwe,0
23,139719.0,Mzuzu,0
49,83374.0,Mzuzu,1
21,88244.0,Lilongwe,0
28,31694.0,Lilongwe,0
34,76264.0,Blantyre,0
55,95060.0,Mzuzu,1
41,117416.0,Blantyre,1
22,77545.0,Lilongwe,0
51,138195.0,Blantyre,1
23,59224.0,Mzuzu,0
39,122516.0,Blantyre,0
28,117945.0,Mzuzu,0
33,33224.0,Lilongwe,0
50,60738.0,Lilongwe,1
26,45150.0,Mzuzu,0
23,83731.0,Lilongwe,1
33,69688.0,Lilongwe,0
46,119929.0,Lilongwe,1
20,128618.0,Lilongwe,0
37,93509.0,Mzuzu,0
53,28577.0,Blantyre,0
36,28070.0,Blantyre,0
43,146161.0,Lilongwe,1
20,28666.0,Blantyre,0
36,77761.0,Blantyre,0
37,141178.0,Lilongwe,1
49,56368.0,Lilongwe,0
24,26783.0,Blantyre,0
58,131530.0,Mzuzu,1
50,61914.0,Lilongwe,1
57,90507.0,Mzuzu,0
56,147738.0,Blantyre,1
35,99026.0,Lilongwe,1
57,135893.0,Mzuzu,0
18,131255.0,Lilongwe,1
28,130616.0,Blantyre,1
45,87526.0,Mzuzu,0
42,90835.0,Blantyre,1
40,65765.0,Blantyre,0
48,39956.0,Lilongwe,0
47,107895.0,Mzuzu,0
59,66240.0,Blantyre,0
52,141008.0,Blantyre,0
24,57148.0,Mzuzu,0
33,114270.0,Blantyre,0
43,147978.0,Blantyre,1
19,24757.0,Mzuzu,0
18,39097.0,Mzuzu,0
29,30395.0,Mzuzu,0
22,36241.0,Mzuzu,0
54,123892.0,Lilongwe,1
49,47696.0,Mzuzu,0
26,135654.0,Lilongwe,0
58,90480.0,Lilongwe,1
52,66163.0,Lilongwe,0
36,39816.0,Blantyre,0
33,69840.0,Lilongwe,0
20,122547.0,Lilongwe,0
37,72853.0,Blantyre,0
41,44917.0,Blantyre,0
50,116731.0,Blantyre,1
41,41566.0,Mzuzu,0
28,95452.0,Blantyre,0
25,82823.0,Blantyre,0
53,141392.0,Lilongwe,0
55,40806.0,Blantyre,0
57,95520.0,Mzuzu,0
37,21759.0,Blantyre,0
52,146092.0,Mzuzu,1
42,61949.0,Blantyre,0
52,112374.0,Blantyre,1
42,22482.0,Blantyre,0
46,44442.0,Blantyre,0
35,53719.0,Mzuzu,0
63,78066.0,Mzuzu,1
35,113501.0,Lilongwe,0
19,22079.0,Mzuzu,0
52,22717.0,Blantyre,0
33,79676.0,Lilongwe,0
58,47952.0,Lilongwe,0
53,106444.0,Lilongwe,1
50,62460.0,Blantyre,1
21,110397.0,Mzuzu,0
50,92847.0,Blantyre,1
31,113607.0,Lilongwe,1
38,109106.0,Blantyre,1
37,38449.0,Blantyre,0
25,53536.0,Mzuzu,0
24,84077.0,Mzuzu,1
20,58258.0,Lilongwe,0
34,68302.0,Blantyre,0
50,145937.0,Blantyre,1
29,48865.0,Mzuzu,1
39,26645.0,Blantyre,0
39,139771.0,Blantyre,1
63,58000.0,Blantyre,1
47,46737.0,Mzuzu,0
55,31485.0,Lilongwe,0
55,58565.0,Lilongwe,0
62,45522.0,Blantyre,0
25,139614.0,Lilongwe,0
44,85155.0,Mzuzu,0
44,75168.0,Mzuzu,0
51,72487.0,Lilongwe,0
38,149948.0,Lilongwe,1
47,32342.0,Blantyre,0
50,60806.0,Lilongwe,1
45,68770.0,Blantyre,0
64,98623.0,Blantyre,1
50,123177.0,Mzuzu,1
22,119785.0,Mzuzu,0
36,95629.0,Mzuzu,0
21,140993.0,Mzuzu,0
52,72603.0,Lilongwe,0
34,146944.0,Mzuzu,1
61,132726.0,Lilongwe,0
45,101974.0,Mzuzu,0
47,125947.0,Lilongwe,0
46,46399.0,Blantyre,0
63,148177.0,Lilongwe,1
23,105382.0,Lilongwe,1
52,101244.0,Mzuzu,0
58,129575.0,Lilongwe,1
54,135520.0,Blantyre,1
41,130904.0,Blantyre,1
46,96534.0,Mzuzu,0
63,75106.0,Blantyre,0
48,132599.0,Lilongwe,1
52,50678.0,Blantyre,0
50,96218.0,Mzuzu,1
38,83230.0,Lilongwe,0
49,134684.0,Mzuzu,0
40,94055.0,Lilongwe,0
50,76373.0,Blantyre,1
20,51480.0,Mzuzu,0
35,105230.0,Mzuzu,0
42,88836.0,Lilongwe,0
59,92258.0,Mzuzu,0
48,59986.0,Lilongwe,0
20,44160.0,Lilongwe,0
57,105595.0,Lilongwe,1
63,121358.0,Lilongwe,1
41,99111.0,Blantyre,1
49,84929.0,Lilongwe,0
64,93506.0,Mzuzu,1
39,54911.0,Blantyre,0
40,107127.0,Mzuzu,0
19,51821.0,Blantyre,0
44,95039.0,Lilongwe,0
59,80535.0,Blantyre,0
19,133453.0,Blantyre,0
43,104458.0,Mzuzu,0
34,32175.0,Mzuzu,0
57,139235.0,Lilongwe,1
50,74771.0,Blantyre,1
26,126660.0,Blantyre,0
60,147157.0,Blantyre,1
56,141300.0,Lilongwe,1
46,106925.0,Lilongwe,1
59,133374.0,Lilongwe,0
43,86358.0,Lilongwe,0
52,37327.0,Lilongwe,0
42,67057.0,Mzuzu,0
41,26150.0,Blantyre,0
30,24425.0,Blantyre,0
24,143654.0,Blantyre,0
53,36032.0,Blantyre,0
62,22198.0,Blantyre,0
37,80500.0,Blantyre,1
18,73394.0,Blantyre,0
25,40079.0,Blantyre,0
63,56220.0,Mzuzu,1
33,61874.0,Blantyre,0
31,33859.0,Mzuzu,0
29,70460.0,Lilongwe,0
40,51419.0,Blantyre,0
32,138865.0,Lilongwe,1
45,28705.0,Lilongwe,0
51,62880.0,Lilongwe,0
19,149838.0,Mzuzu,0
49,43236.0,Lilongwe,0
40,107955.0,Lilongwe,1
39,105514.0,Lilongwe,1
42,123145.0,Blantyre,1
39,35358.0,Blantyre,0
39,119713.0,Mzuzu,0
59,114914.0,Mzuzu,0
23,122870.0,Blantyre,1
32,96918.0,Mzuzu,1
60,139179.0,Blantyre,1
54,136243.0,Lilongwe,0
50,34596.0,Lilongwe,1
25,53572.0,Mzuzu,0
61,98757.0,Blantyre,0
61,21279.0,Blantyre,0
22,83197.0,Mzuzu,0
56,131496.0,Blantyre,1
21,82516.0,Lilongwe,0
23,27083.0,Mzuzu,0
62,140674.0,Mzuzu,1
49,140307.0,Blantyre,1
47,146457.0,Mzuzu,1
64,129397.0,Blantyre,1
52,37771.0,Blantyre,0
57,49975.0,Blantyre,0
33,65648.0,Blantyre,1
30,145641.0,Blantyre,1
59,68285.0,Mzuzu,0
47,39063.0,Lilongwe,0
36,87642.0,Lilongwe,0
34,110093.0,Mzuzu,0
36,134390.0,Mzuzu,0
45,106143.0,Lilongwe,0
43,57599.0,Lilongwe,0
54,71920.0,Lilongwe,0
43,48529.0,Lilongwe,0
40,55954.0,Lilongwe,0
26,47856.0,Blantyre,0
29,22573.0,Mzuzu,0
18,98344.0,Blantyre,0
18,55367.0,Lilongwe,0
64,122337.0,Lilongwe,1
51,126732.0,Lilongwe,0
49,119608.0,Blantyre,0
42,80774.0,Blantyre,0
57,43752.0,Lilongwe,0
62,75029.0,Blantyre,1
18,37685.0,Blantyre,0
33,71693.0,Lilongwe,1
56,136739.0,Blantyre,1
22,75961.0,Mzuzu,0
39,126937.0,Mzuzu,1
46,144956.0,Mzuzu,0
20,96908.0,Mzuzu,0
29,145537.0,Lilongwe,0
43,146678.0,Lilongwe,0
33,94532.0,Lilongwe,0
54,101994.0,Mzuzu,1
39,76133.0,Mzuzu,1
46,117425.0,Blantyre,0
31,145055.0,Blantyre,1
45,81268.0,Mzuzu,0
22,112201.0,Mzuzu,0
64,58243.0,Mzuzu,1
47,77384.0,Mzuzu,0
63,51653.0,Blantyre,1
22,46657.0,Mzuzu,1
29,59952.0,Blantyre,0
33,42180.0,Mzuzu,0
43,117432.0,Mzuzu,0
43,141829.0,Mzuzu,1
38,148377.0,Blantyre,1
56,98411.0,Blantyre,0
53,21622.0,Lilongwe,0
50,68756.0,Mzuzu,0
47,60809.0,Lilongwe,1
54,36725.0,Lilongwe,0
40,81396.0,Blantyre,0
27,71226.0,Blantyre,0
22,126296.0,Lilongwe,1
53,101182.0,Mzuzu,0
51,102565.0,Blantyre,0
48,49402.0,Mzuzu,0
27,24263.0,Mzuzu,0
36,143489.0,Lilongwe,1
49,116523.0,Lilongwe,1
18,66828.0,Lilongwe,0
22,140824.0,Lilongwe,0
62,67924.0,Blantyre,1
21,94182.0,Blantyre,0
33,113065.0,Lilongwe,0
41,79052.0,Blantyre,0
33,31664.0,Lilongwe,1
19,55737.0,Mzuzu,0
45,121332.0,Mzuzu,1
49,109563.0,Mzuzu,0
44,49373.0,Lilongwe,0
37,137369.0,Mzuzu,1
41,56397.0,Blantyre,1
29,148575.0,Mzuzu,1
52,106145.0,Mzuzu,1
50,121371.0,Mzuzu,1
50,58709.0,Blantyre,1
60,136074.0,Lilongwe,1
54,81120.0,Blantyre,1
29,39250.0,Lilongwe,0
20,41172.0,Lilongwe,0
18,31555.0,Mzuzu,0
50,107410.0,Lilongwe,0
57,98617.0,Blantyre,0
27,73276.0,Blantyre,0
60,77492.0,Lilongwe,0
61,73002.0,Mzuzu,0
46,140103.0,Mzuzu,0
30,144938.0,Blantyre,0
29,109599.0,Mzuzu,1
48,92355.0,Lilongwe,1
63,111248.0,Lilongwe,1
19,44762.0,Blantyre,0
52,31046.0,Lilongwe,0
40,116999.0,Blantyre,1
34,144130.0,Lilongwe,1
43,136021.0,Blantyre,1
25,48769.0,Mzuzu,0
46,73302.0,Lilongwe,0
43,43150.0,Lilongwe,0
27,88247.0,Blantyre,0
43,24853.0,Blantyre,0
51,114613.0,Lilongwe,0
58,140900.0,Blantyre,0
24,109399.0,Lilongwe,0
21,41792.0,Mzuzu,0
62,79129.0,Blantyre,1
28,126019.0,Lilongwe,0
46,94478.0,Mzuzu,0
53,133811.0,Mzuzu,1
42,134130.0,Lilongwe,0
38,87298.0,Blantyre,0
53,51987.0,Lilongwe,1
27,35850.0,Mzuzu,0
54,32112.0,Lilongwe,0
26,141789.0,Blantyre,1
41,44058.0,Mzuzu,0
52,65420.0,Lilongwe,0
52,58890.0,Blantyre,0
53,86017.0,Mzuzu,0
35,67304.0,Blantyre,0
56,52921.0,Mzuzu,0
49,125921.0,Lilongwe,1
41,21524.0,Blantyre,0
40,120424.0,Mzuzu,0
49,35048.0,Blantyre,0
54,55111.0,Blantyre,0
29,57904.0,Lilongwe,0
30,74912.0,Blantyre,0
40,54008.0,Mzuzu,0
42,20060.0,Mzuzu,0
52,94666.0,Mzuzu,1
58,103559.0,Mzuzu,0
47,75337.0,Lilongwe,0
34,130616.0,Blantyre,1
37,33350.0,Lilongwe,0
42,44354.0,Blantyre,1
39,65186.0,Blantyre,0
30,48145.0,Blantyre,0
36,54020.0,Lilongwe,0
53,106123.0,Blantyre,0
29,126667.0,Lilongwe,1
58,95186.0,Mzuzu,1
36,105469.0,Mzuzu,1
29,40581.0,Blantyre,0
26,108929.0,Lilongwe,1
24,43051.0,Mzuzu,0
45,71474.0,Lilongwe,0
31,111748.0,Lilongwe,0
48,145995.0,Blantyre,1
36,134618.0,Mzuzu,0
64,89626.0,Blantyre,1
33,26960.0,Blantyre,0
22,55772.0,Mzuzu,0
52,41520.0,Mzuzu,0
29,69481.0,Lilongwe,0
42,56408.0,Mzuzu,0
38,114006.0,Lilongwe,0
53,148496.0,Lilongwe,1
40,77134.0,Lilongwe,1
33,40491.0,Mzuzu,0
56,21341.0,Blantyre,0
62,64623.0,Lilongwe,1
59,110327.0,Blantyre,0
56,20338.0,Blantyre,0
31,91431.0,Mzuzu,0
48,32254.0,Blantyre,0
22,71860.0,Blantyre,0
52,31344.0,Mzuzu,0
40,21750.0,Lilongwe,0
46,74756.0,Blantyre,0
60,87957.0,Mzuzu,1
28,125423.0,Blantyre,1
35,78053.0,Blantyre,0
64,90855.0,Lilongwe,1
29,35896.0,Blantyre,0
26,75761.0,Mzuzu,0
27,82552.0,Blantyre,0
61,140075.0,Lilongwe,1
34,97454.0,Lilongwe,1
55,146522.0,Mzuzu,1
24,138681.0,Lilongwe,0
63,110600.0,Blantyre,1
30,142732.0,Lilongwe,1
57,132153.0,Mzuzu,1
59,142926.0,Lilongwe,1
26,47935.0,Lilongwe,0
44,57641.0,Lilongwe,0
19,49711.0,Mzuzu,0
22,90342.0,Lilongwe,0
46,126896.0,Lilongwe,0
54,32182.0,Blantyre,0
55,107833.0,Mzuzu,1
36,76276.0,Lilongwe,0
25,39541.0,Mzuzu,0
62,114457.0,Lilongwe,1
18,102310.0,Lilongwe,0
39,64813.0,Lilongwe,1
34,57198.0,Blantyre,0
24,28820.0,Blantyre,0
42,44070.0,Blantyre,0
62,89768.0,Mzuzu,1
21,31122.0,Mzuzu,0
53,100559.0,Blantyre,0
23,93543.0,Mzuzu,1
48,103441.0,Lilongwe,1
36,61786.0,Lilongwe,0
61,114934.0,Lilongwe,0
56,119804.0,Blantyre,1
44,26737.0,Mzuzu,0
27,56062.0,Blantyre,0
43,74237.0,Mzuzu,0
36,71571.0,Lilongwe,0
56,45510.0,Blantyre,0
20,39426.0,Mzuzu,0
62,57265.0,Mzuzu,0
30,37850.0,Lilongwe,0
45,138249.0,Blantyre,0
37,86150.0,Blantyre,0
45,107312.0,Blantyre,0
25,109613.0,Lilongwe,1
58,94910.0,Blantyre,0
56,72375.0,Lilongwe,0
18,141826.0,Lilongwe,0
20,55435.0,Lilongwe,0
30,116443.0,Mzuzu,0
45,77132.0,Blantyre,1
42,98945.0,Blantyre,0
50,102050.0,Lilongwe,1
55,149828.0,Lilongwe,1
23,115402.0,Blantyre,0
61,22983.0,Lilongwe,1
62,117241.0,Blantyre,1
49,40662.0,Mzuzu,0
62,43510.0,Lilongwe,1
64,98187.0,Blantyre,0
38,60998.0,Lilongwe,0
33,76846.0,Blantyre,0
38,114071.0,Blantyre,1
28,26640.0,Lilongwe,0
54,64547.0,Mzuzu,1
53,74620.0,Blantyre,1
52,35317.0,Blantyre,0
36,135608.0,Blantyre,0
37,27564.0,Mzuzu,0
35,47345.0,Mzuzu,0
64,133824.0,Lilongwe,1
58,114223.0,Mzuzu,0
31,143372.0,Lilongwe,1
32,99273.0,Lilongwe,0
48,94859.0,Mzuzu,0
18,100765.0,Lilongwe,0
20,130017.0,Mzuzu,1
33,94038.0,Lilongwe,0
40,143618.0,Mzuzu,1
28,72393.0,Mzuzu,0
29,86081.0,Lilongwe,0
27,145341.0,Blantyre,0
49,122650.0,Lilongwe,1
33,49430.0,Mzuzu,0
25,95532.0,Blantyre,0
55,47788.0,Lilongwe,1
29,115505.0,Lilongwe,1
41,68543.0,Lilongwe,0
45,33919.0,Blantyre,0
25,89346.0,Mzuzu,1
45,116122.0,Lilongwe,0
53,59974.0,Lilongwe,1
43,127309.0,Lilongwe,1
25,36371.0,Lilongwe,0
45,65084.0,Lilongwe,0
45,49629.0,Mzuzu,0
54,71184.0,Mzuzu,0
58,81916.0,Lilongwe,1
53,147293.0,Blantyre,0
44,93972.0,Mzuzu,0
34,82187.0,Blantyre,0
26,32984.0,Mzuzu,0
50,53039.0,Lilongwe,0
37,105431.0,Mzuzu,0
30,103691.0,Lilongwe,0
45,78606.0,Mzuzu,0
46,30616.0,Lilongwe,0
30,122665.0,Lilongwe,0
63,125373.0,Lilongwe,1
52,70072.0,Lilongwe,0
23,44574.0,Blantyre,0
35,23430.0,Lilongwe,0
22,139123.0,Blantyre,0
64,32676.0,Blantyre,0
42,30816.0,Lilongwe,0
19,52733.0,Blantyre,0
27,105680.0,Mzuzu,0
47,22050.0,Lilongwe,0
62,129996.0,Blantyre,1
22,53933.0,Lilongwe,0
50,44951.0,Lilongwe,0
18,52413.0,Lilongwe,0
35,54801.0,Blantyre,0
49,75619.0,Mzuzu,0
64,52913.0,Mzuzu,1
28,132573.0,Blantyre,0
38,139076.0,Lilongwe,1
43,60600.0,Blantyre,0
42,77775.0,Blantyre,0
39,110816.0,Blantyre,0
44,149972.0,Lilongwe,0
30,110093.0,Blantyre,1
50,132590.0,Lilongwe,1
51,55400.0,Blantyre,1
58,24494.0,Mzuzu,0
52,100688.0,Blantyre,0
18,142744.0,Blantyre,0
38,109431.0,Mzuzu,1
23,94691.0,Lilongwe,0
45,117419.0,Lilongwe,0
34,128730.0,Blantyre,1
22,63001.0,Mzuzu,0
48,87364.0,Lilongwe,0
22,144988.0,Blantyre,0
55,65028.0,Mzuzu,0
20,127434.0,Lilongwe,1
40,117659.0,Lilongwe,0
54,57573.0,Mzuzu,0
54,20806.0,Mzuzu,0
27,144343.0,Mzuzu,0
27,76638.0,Mzuzu,0
36,148301.0,Blantyre,1
34,146295.0,Mzuzu,0
38,126506.0,Lilongwe,0
31,49757.0,Lilongwe,0
26,54636.0,Blantyre,0
63,100097.0,Lilongwe,1
18,68280.0,Lilongwe,0
62,44262.0,Mzuzu,0
30,100435.0,Lilongwe,0
21,82211.0,Blantyre,0
18,74842.0,Mzuzu,0
57,148583.0,Mzuzu,1
49,76979.0,Blantyre,0
51,134524.0,Mzuzu,1
45,101470.0,Mzuzu,0
48,58197.0,Blantyre,0
25,61844.0,Mzuzu,0
56,84754.0,Blantyre,0
43,121868.0,Blantyre,1
51,54157.0,Lilongwe,0
20,97129.0,Lilongwe,0
29,60042.0,Mzuzu,0
18,81665.0,Mzuzu,1
61,135512.0,Blantyre,1
22,136953.0,Mzuzu,1
47,102856.0,Blantyre,0
47,47376.0,Blantyre,0
34,129049.0,Mzuzu,1
64,75554.0,Blantyre,0
40,34199.0,Lilongwe,0
32,138533.0,Mzuzu,0
54,101412.0,Lilongwe,0
38,70948.0,Mzuzu,0
31,93781.0,Blantyre,0
19,92750.0,Mzuzu,0
28,86262.0,Lilongwe,0
56,137424.0,Blantyre,0
55,66600.0,Mzuzu,0
51,96898.0,Mzuzu,1
55,82483.0,Mzuzu,0
51,38297.0,Lilongwe,0
35,50448.0,Lilongwe,0
47,46172.0,Mzuzu,0
32,62874.0,Blantyre,0
44,27657.0,Blantyre,0
51,104386.0,Lilongwe,1
55,145617.0,Blantyre,1
50,45425.0,Lilongwe,0
41,46685.0,Mzuzu,0
32,142000.0,Lilongwe,1
47,132855.0,Lilongwe,1
59,44578.0,Mzuzu,0
34,48831.0,Blantyre,0
22,27906.0,Lilongwe,0
46,81413.0,Lilongwe,0
21,74028.0,Mzuzu,0
27,27287.0,Blantyre,0
34,53660.0,Lilongwe,0
27,95758.0,Mzuzu,0
34,80504.0,Lilongwe,1
37,79720.0,Mzuzu,1
41,122979.0,Blantyre,0
22,54701.0,Blantyre,0
51,103300.0,Blantyre,0
23,130177.0,Blantyre,0
19,37674.0,Lilongwe,0
30,103560.0,Lilongwe,1
60,131543.0,Blantyre,1
60,43874.0,Blantyre,0
28,63642.0,Blantyre,1
64,143867.0,Lilongwe,0
40,117820.0,Blantyre,0
33,85160.0,Blantyre,0
48,37602.0,Blantyre,1
28,123320.0,Mzuzu,1
33,108801.0,Blantyre,1
25,45931.0,Mzuzu,0
21,114377.0,Mzuzu,0
57,49192.0,Blantyre,0
21,66542.0,Mzuzu,0
42,147015.0,Blantyre,1
20,62520.0,Lilongwe,0
49,84772.0,Lilongwe,1
20,78762.0,Lilongwe,0
44,70106.0,Lilongwe,0
46,101121.0,Mzuzu,0
49,45559.0,Blantyre,0
36,125595.0,Blantyre,1
38,53742.0,Blantyre,0
22,89669.0,Lilongwe,0
35,100199.0,Lilongwe,0
45,41754.0,Blantyre,0
59,23972.0,Lilongwe,0
39,90831.0,Blantyre,0
38,132217.0,Blantyre,1
23,61873.0,Blantyre,0
18,114661.0,Blantyre,0
22,126532.0,Blantyre,0
58,146267.0,Blantyre,0
29,29903.0,Blantyre,0
43,23020.0,Lilongwe,0
63,61755.0,Blantyre,1
51,105956.0,Blantyre,1
31,106988.0,Lilongwe,0
43,65648.0,Lilongwe,0
62,123537.0,Lilongwe,1
44,145991.0,Blantyre,1
26,29516.0,Mzuzu,0
43,132863.0,Mzuzu,1
64,135005.0,Lilongwe,1
39,22396.0,Mzuzu,0
64,104082.0,Lilongwe,1
47,39129.0,Blantyre,0
60,148322.0,Mzuzu,1
34,21591.0,Blantyre,0
43,31303.0,Mzuzu,1
53,50561.0,Blantyre,0
18,91719.0,Mzuzu,0
25,138618.0,Blantyre,1
52,112108.0,Blantyre,1
32,148748.0,Mzuzu,1
64,119616.0,Blantyre,0
39,144165.0,Blantyre,1
31,106231.0,Blantyre,0
43,27314.0,Mzuzu,0
45,137071.0,Mzuzu,1
40,39623.0,Blantyre,0
31,87675.0,Blantyre,0
41,132992.0,Mzuzu,1
19,116826.0,Mzuzu,1
62,85082.0,Blantyre,1
43,149839.0,Blantyre,1
31,103624.0,Blantyre,0
24,125228.0,Lilongwe,0
20,53130.0,Mzuzu,0
64,71756.0,Lilongwe,1
40,117624.0,Mzuzu,0
63,46292.0,Mzuzu,1
60,131785.0,Mzuzu,1
64,147331.0,Mzuzu,1
62,106206.0,Mzuzu,1
35,89274.0,Mzuzu,0
55,22469.0,Mzuzu,0
52,73947.0,Lilongwe,1
32,42534.0,Blantyre,0
42,83620.0,Blantyre,0
54,68874.0,Lilongwe,0
45,69708.0,Lilongwe,0
27,94553.0,Lilongwe,0
56,88344.0,Lilongwe,1
34,69138.0,Mzuzu,1
56,74302.0,Blantyre,0
39,67638.0,Mzuzu,0
43,98249.0,Blantyre,1
61,125865.0,Blantyre,1
42,22719.0,Lilongwe,0
34,42890.0,Mzuzu,0
30,97236.0,Lilongwe,0
37,56509.0,Mzuzu,0
42,62534.0,Blantyre,0
21,122302.0,Lilongwe,0
27,112241.0,Lilongwe,1
20,38787.0,Blantyre,0
58,146209.0,Blantyre,1
62,68845.0,Blantyre,1
35,77932.0,Lilongwe,0
64,112124.0,Mzuzu,0
53,111659.0,Lilongwe,0
64,53062.0,Mzuzu,0
39,95713.0,Lilongwe,0
51,107263.0,Lilongwe,1
64,115756.0,Blantyre,1
25,80461.0,Mzuzu,0
57,95418.0,Lilongwe,1
61,86672.0,Lilongwe,1
36,148232.0,Blantyre,1
59,54832.0,Blantyre,0
58,147335.0,Mzuzu,1
54,51966.0,Lilongwe,0
23,92545.0,Mzuzu,1
43,32987.0,Lilongwe,0
51,57311.0,Mzuzu,1
62,51575.0,Blantyre,1
23,83852.0,Lilongwe,0
54,147650.0,Mzuzu,1
50,21007.0,Blantyre,0
39,90981.0,Blantyre,0
38,96242.0,Mzuzu,0
23,67517.0,Lilongwe,0
23,130022.0,Lilongwe,1
21,49257.0,Blantyre,0
47,107272.0,Lilongwe,0
28,62207.0,Lilongwe,1
47,33281.0,Lilongwe,0
48,81246.0,Blantyre,0
41,21435.0,Mzuzu,0
26,118875.0,Lilongwe,0
20,120686.0,Blantyre,0
48,111357.0,Blantyre,1
57,46660.0,Mzuzu,0
54,25084.0,Lilongwe,0
53,102197.0,Lilongwe,0
41,33507.0,Mzuzu,0
48,92595.0,Mzuzu,1
23,103807.0,Blantyre,0
19,65539.0,Blantyre,0
37,135953.0,Mzuzu,0
45,27491.0,Lilongwe,1
28,147706.0,Blantyre,0
21,132831.0,Blantyre,0
32,70192.0,Lilongwe,0
23,100395.0,Blantyre,1
47,143797.0,Lilongwe,1
55,83888.0,Lilongwe,1
19,93609.0,Lilongwe,0
32,29077.0,Mzuzu,0
28,137440.0,Mzuzu,1
25,142901.0,Mzuzu,0
43,40953.0,Lilongwe,0
62,96919.0,Lilongwe,1
61,134682.0,Mzuzu,1
22,141041.0,Blantyre,1
23,87889.0,Lilongwe,0
43,43821.0,Blantyre,0
21,57567.0,Blantyre,0
36,135374.0,Lilongwe,0
37,44860.0,Lilongwe,0
50,41195.0,Blantyre,1
37,97475.0,Blantyre,1
29,110874.0,Mzuzu,0
64,107266.0,Mzuzu,1
18,41427.0,Lilongwe,0
43,120732.0,Mzuzu,0
31,47083.0,Mzuzu,0
55,107046.0,Mzuzu,1
54,77372.0,Mzuzu,0
28,143786.0,Blantyre,1
53,64064.0,Lilongwe,1
30,27813.0,Mzuzu,0
60,51598.0,Blantyre,1
20,132718.0,Blantyre,1
50,146879.0,Blantyre,1
23,113106.0,Mzuzu,0
27,47082.0,Mzuzu,0
22,49241.0,Lilongwe,0
40,116214.0,Mzuzu,0
27,64569.0,Mzuzu,0
61,31745.0,Blantyre,0
19,46029.0,Lilongwe,0
